-3,-3,aR0bJoiKXA+Id1ISQAKo3zD8hys=,KMmr6MlaZRLJbjTJ6mYdYSOq8w0=
-2,-3,aR0bJoiKXA+Id1ISQAKo3zD8hys=,t9ntRXTKC+BreVvtRXRtrhS+TQw=
-3,-2,aR0bJoiKXA+Id1ISQAKo3zD8hys=,u2q2uCiy/UttPPjPHyDVQI20Q+c=
-2,-2,aR0bJoiKXA+Id1ISQAKo3zD8hys=,UCub6zM0EQWmA5k0+72wkuGLCSw=
-3,-4,aR0bJoiKXA+Id1ISQAKo3zD8hys=,KMmr6MlaZRLJbjTJ6mYdYSOq8w0=
-4,-5,aR0bJoiKXA+Id1ISQAKo3zD8hys=,bdq1jDwQZVjidiD5JQD0/4QUPOA=
-5,-5,aR0bJoiKXA+Id1ISQAKo3zD8hys=,KV4/YuSjdZBVhb7gH8Y4UmUl1Xs=
-5,-4,aR0bJoiKXA+Id1ISQAKo3zD8hys=,ECfTOMo2iAj7yTG2oFsbO/jPftE=
-2,-4,aR0bJoiKXA+Id1ISQAKo3zD8hys=,t9ntRXTKC+BreVvtRXRtrhS+TQw=
-2,-5,aR0bJoiKXA+Id1ISQAKo3zD8hys=,lEPhwcUtmzepX+EGLtXDWrF1KT8=
-4,-4,aR0bJoiKXA+Id1ISQAKo3zD8hys=,KMmr6MlaZRLJbjTJ6mYdYSOq8w0=
-3,-5,aR0bJoiKXA+Id1ISQAKo3zD8hys=,bdq1jDwQZVjidiD5JQD0/4QUPOA=
-8,-4,aR0bJoiKXA+Id1ISQAKo3zD8hys=,6Ywfgb4szyhQlo72UBjvFcb9kAg=
-7,-5,aR0bJoiKXA+Id1ISQAKo3zD8hys=,SZft/XY61Hy15IVhvZ+CoLYcyOo=
-8,-5,aR0bJoiKXA+Id1ISQAKo3zD8hys=,SZft/XY61Hy15IVhvZ+CoLYcyOo=
-6,-5,aR0bJoiKXA+Id1ISQAKo3zD8hys=,KV4/YuSjdZBVhb7gH8Y4UmUl1Xs=
-6,-4,aR0bJoiKXA+Id1ISQAKo3zD8hys=,ECfTOMo2iAj7yTG2oFsbO/jPftE=
-7,-4,aR0bJoiKXA+Id1ISQAKo3zD8hys=,6Ywfgb4szyhQlo72UBjvFcb9kAg=
-8,-3,aR0bJoiKXA+Id1ISQAKo3zD8hys=,6Ywfgb4szyhQlo72UBjvFcb9kAg=
-8,-2,aR0bJoiKXA+Id1ISQAKo3zD8hys=,UwzIFx1MG/bDLzyvHAgYw4UTDOI=
-6,-3,aR0bJoiKXA+Id1ISQAKo3zD8hys=,ECfTOMo2iAj7yTG2oFsbO/jPftE=
-7,-3,aR0bJoiKXA+Id1ISQAKo3zD8hys=,6Ywfgb4szyhQlo72UBjvFcb9kAg=
-5,-3,aR0bJoiKXA+Id1ISQAKo3zD8hys=,ECfTOMo2iAj7yTG2oFsbO/jPftE=
-7,-2,aR0bJoiKXA+Id1ISQAKo3zD8hys=,UwzIFx1MG/bDLzyvHAgYw4UTDOI=
-6,-2,aR0bJoiKXA+Id1ISQAKo3zD8hys=,EKY7SSsMi6eCrh8DZk1NShQ6jTs=
-5,-2,aR0bJoiKXA+Id1ISQAKo3zD8hys=,EKY7SSsMi6eCrh8DZk1NShQ6jTs=
-4,-3,SXpCBg4ktpcMWt0nwGZC960txrA=,KMmr6MlaZRLJbjTJ6mYdYSOq8w0=
-4,-2,SXpCBg4ktpcMWt0nwGZC960txrA=,u2q2uCiy/UttPPjPHyDVQI20Q+c=
-8,-7,SXpCBg4ktpcMWt0nwGZC960txrA=,L39cFyf1ngNCPnZ1SaxkuJUiIto=
-8,-6,SXpCBg4ktpcMWt0nwGZC960txrA=,SZft/XY61Hy15IVhvZ+CoLYcyOo=
-8,-8,SXpCBg4ktpcMWt0nwGZC960txrA=,L39cFyf1ngNCPnZ1SaxkuJUiIto=
-5,-7,SXpCBg4ktpcMWt0nwGZC960txrA=,h21ntjTUHhYLJjS958ICL3dU+1U=
-7,-6,SXpCBg4ktpcMWt0nwGZC960txrA=,SZft/XY61Hy15IVhvZ+CoLYcyOo=
-7,-7,SXpCBg4ktpcMWt0nwGZC960txrA=,L39cFyf1ngNCPnZ1SaxkuJUiIto=
-6,-6,SXpCBg4ktpcMWt0nwGZC960txrA=,KV4/YuSjdZBVhb7gH8Y4UmUl1Xs=
-6,-7,SXpCBg4ktpcMWt0nwGZC960txrA=,h21ntjTUHhYLJjS958ICL3dU+1U=
-5,-6,SXpCBg4ktpcMWt0nwGZC960txrA=,KV4/YuSjdZBVhb7gH8Y4UmUl1Xs=
-7,-8,SXpCBg4ktpcMWt0nwGZC960txrA=,L39cFyf1ngNCPnZ1SaxkuJUiIto=
-4,-7,SXpCBg4ktpcMWt0nwGZC960txrA=,6VX186PI/3UfORoM71nYSG2btVA=
-6,-8,SXpCBg4ktpcMWt0nwGZC960txrA=,h21ntjTUHhYLJjS958ICL3dU+1U=
-5,-8,SXpCBg4ktpcMWt0nwGZC960txrA=,h21ntjTUHhYLJjS958ICL3dU+1U=
-4,-8,SXpCBg4ktpcMWt0nwGZC960txrA=,6VX186PI/3UfORoM71nYSG2btVA=
-1,-4,SXpCBg4ktpcMWt0nwGZC960txrA=,t9ntRXTKC+BreVvtRXRtrhS+TQw=
-1,-5,SXpCBg4ktpcMWt0nwGZC960txrA=,lEPhwcUtmzepX+EGLtXDWrF1KT8=
-4,-6,SXpCBg4ktpcMWt0nwGZC960txrA=,bdq1jDwQZVjidiD5JQD0/4QUPOA=
-8,-1,SXpCBg4ktpcMWt0nwGZC960txrA=,UwzIFx1MG/bDLzyvHAgYw4UTDOI=
-6,-1,SXpCBg4ktpcMWt0nwGZC960txrA=,EKY7SSsMi6eCrh8DZk1NShQ6jTs=
-5,-1,SXpCBg4ktpcMWt0nwGZC960txrA=,EKY7SSsMi6eCrh8DZk1NShQ6jTs=
-7,-1,SXpCBg4ktpcMWt0nwGZC960txrA=,UwzIFx1MG/bDLzyvHAgYw4UTDOI=
-3,-8,SXpCBg4ktpcMWt0nwGZC960txrA=,6VX186PI/3UfORoM71nYSG2btVA=
-4,-1,SXpCBg4ktpcMWt0nwGZC960txrA=,u2q2uCiy/UttPPjPHyDVQI20Q+c=
-3,-6,SXpCBg4ktpcMWt0nwGZC960txrA=,bdq1jDwQZVjidiD5JQD0/4QUPOA=
-2,-7,SXpCBg4ktpcMWt0nwGZC960txrA=,1rz+eAnFqXQdzL7S1knhkO2KmtQ=
-3,-7,SXpCBg4ktpcMWt0nwGZC960txrA=,6VX186PI/3UfORoM71nYSG2btVA=
-2,-6,SXpCBg4ktpcMWt0nwGZC960txrA=,lEPhwcUtmzepX+EGLtXDWrF1KT8=
-3,-1,SXpCBg4ktpcMWt0nwGZC960txrA=,u2q2uCiy/UttPPjPHyDVQI20Q+c=
-1,-8,SXpCBg4ktpcMWt0nwGZC960txrA=,1rz+eAnFqXQdzL7S1knhkO2KmtQ=
-2,-8,SXpCBg4ktpcMWt0nwGZC960txrA=,1rz+eAnFqXQdzL7S1knhkO2KmtQ=
-1,-6,SXpCBg4ktpcMWt0nwGZC960txrA=,lEPhwcUtmzepX+EGLtXDWrF1KT8=
-1,-7,SXpCBg4ktpcMWt0nwGZC960txrA=,1rz+eAnFqXQdzL7S1knhkO2KmtQ=
-2,-1,SXpCBg4ktpcMWt0nwGZC960txrA=,UCub6zM0EQWmA5k0+72wkuGLCSw=
-1,-3,SXpCBg4ktpcMWt0nwGZC960txrA=,t9ntRXTKC+BreVvtRXRtrhS+TQw=
-1,-2,SXpCBg4ktpcMWt0nwGZC960txrA=,UCub6zM0EQWmA5k0+72wkuGLCSw=
-1,-1,SXpCBg4ktpcMWt0nwGZC960txrA=,UCub6zM0EQWmA5k0+72wkuGLCSw=
