-12,7,jhhrXaB1lMydB0NpVIXFSg35tU8=,2dBIY4Vry2YUAl6dpkT4okf9nGU=
-11,8,jhhrXaB1lMydB0NpVIXFSg35tU8=,CGU9R97gEhS7baP2PsCQEyMfdQE=
-12,8,jhhrXaB1lMydB0NpVIXFSg35tU8=,CGU9R97gEhS7baP2PsCQEyMfdQE=
-11,7,jhhrXaB1lMydB0NpVIXFSg35tU8=,2dBIY4Vry2YUAl6dpkT4okf9nGU=
-10,8,jhhrXaB1lMydB0NpVIXFSg35tU8=,1QpsR/cvc6Sj+clAM7eQKF8SvIk=
-10,7,jhhrXaB1lMydB0NpVIXFSg35tU8=,lN9QFmPUTq0OeDLkOWMN3VYiGn8=
-12,6,jhhrXaB1lMydB0NpVIXFSg35tU8=,2dBIY4Vry2YUAl6dpkT4okf9nGU=
-12,5,jhhrXaB1lMydB0NpVIXFSg35tU8=,s/oJEbZiJBHOEnSKEKn5YWFUXlg=
-10,6,jhhrXaB1lMydB0NpVIXFSg35tU8=,lN9QFmPUTq0OeDLkOWMN3VYiGn8=
-11,6,jhhrXaB1lMydB0NpVIXFSg35tU8=,2dBIY4Vry2YUAl6dpkT4okf9nGU=
-10,5,jhhrXaB1lMydB0NpVIXFSg35tU8=,Ib2jPmSvUIx1ob+A3qO+IHyFY64=
-11,5,jhhrXaB1lMydB0NpVIXFSg35tU8=,s/oJEbZiJBHOEnSKEKn5YWFUXlg=
-12,3,n5N16V4711DaZFkDw5BxRiLvq7M=,secCiST5M5PM2h6fg18RnLXnzA4=
-12,4,n5N16V4711DaZFkDw5BxRiLvq7M=,s/oJEbZiJBHOEnSKEKn5YWFUXlg=
-10,4,n5N16V4711DaZFkDw5BxRiLvq7M=,Ib2jPmSvUIx1ob+A3qO+IHyFY64=
-10,3,n5N16V4711DaZFkDw5BxRiLvq7M=,BxhrZZ6i2kiEx6492fVXBDlrhA4=
-11,4,n5N16V4711DaZFkDw5BxRiLvq7M=,s/oJEbZiJBHOEnSKEKn5YWFUXlg=
-11,3,n5N16V4711DaZFkDw5BxRiLvq7M=,secCiST5M5PM2h6fg18RnLXnzA4=
-9,3,n5N16V4711DaZFkDw5BxRiLvq7M=,BxhrZZ6i2kiEx6492fVXBDlrhA4=
-8,3,n5N16V4711DaZFkDw5BxRiLvq7M=,/RgzFeBY9t0bi/qAgNWySyyHZO4=
-9,4,n5N16V4711DaZFkDw5BxRiLvq7M=,Ib2jPmSvUIx1ob+A3qO+IHyFY64=
-8,4,n5N16V4711DaZFkDw5BxRiLvq7M=,8XGlHXyy+PA/dro+TStJDOZmxTw=
-9,5,n5N16V4711DaZFkDw5BxRiLvq7M=,Ib2jPmSvUIx1ob+A3qO+IHyFY64=
-8,6,n5N16V4711DaZFkDw5BxRiLvq7M=,6P731mfMcEkwk2Fbyr2UJPDDoUg=
-9,6,n5N16V4711DaZFkDw5BxRiLvq7M=,lN9QFmPUTq0OeDLkOWMN3VYiGn8=
-8,5,n5N16V4711DaZFkDw5BxRiLvq7M=,8XGlHXyy+PA/dro+TStJDOZmxTw=
-7,4,n5N16V4711DaZFkDw5BxRiLvq7M=,8XGlHXyy+PA/dro+TStJDOZmxTw=
-7,3,n5N16V4711DaZFkDw5BxRiLvq7M=,/RgzFeBY9t0bi/qAgNWySyyHZO4=
-6,4,n5N16V4711DaZFkDw5BxRiLvq7M=,8lnwYL40PfUK88nXy9PjfV3iMlI=
-6,3,n5N16V4711DaZFkDw5BxRiLvq7M=,U40v72yuRzNVraW2AcOtCWCymaI=
-6,5,n5N16V4711DaZFkDw5BxRiLvq7M=,8lnwYL40PfUK88nXy9PjfV3iMlI=
-6,6,n5N16V4711DaZFkDw5BxRiLvq7M=,M5Hwc/WeBNBCpGtU8HbAI526zII=
-7,6,n5N16V4711DaZFkDw5BxRiLvq7M=,6P731mfMcEkwk2Fbyr2UJPDDoUg=
-7,5,n5N16V4711DaZFkDw5BxRiLvq7M=,8XGlHXyy+PA/dro+TStJDOZmxTw=
-4,4,n5N16V4711DaZFkDw5BxRiLvq7M=,u8pBObTIVnrbx/eQeFCzW4qXjhs=
-5,4,n5N16V4711DaZFkDw5BxRiLvq7M=,8lnwYL40PfUK88nXy9PjfV3iMlI=
-4,3,n5N16V4711DaZFkDw5BxRiLvq7M=,H04khzCQbpQWhsCkDJRzAAL5MSE=
-5,3,n5N16V4711DaZFkDw5BxRiLvq7M=,U40v72yuRzNVraW2AcOtCWCymaI=
-4,5,n5N16V4711DaZFkDw5BxRiLvq7M=,u8pBObTIVnrbx/eQeFCzW4qXjhs=
-5,5,n5N16V4711DaZFkDw5BxRiLvq7M=,8lnwYL40PfUK88nXy9PjfV3iMlI=
-5,6,n5N16V4711DaZFkDw5BxRiLvq7M=,M5Hwc/WeBNBCpGtU8HbAI526zII=
-4,6,n5N16V4711DaZFkDw5BxRiLvq7M=,2ReHSzCHM5ku7QMdMDppwli/Wfw=
-2,4,n5N16V4711DaZFkDw5BxRiLvq7M=,cHy/mqj9dE0q4v3kVCaKjFMghZI=
-3,4,n5N16V4711DaZFkDw5BxRiLvq7M=,u8pBObTIVnrbx/eQeFCzW4qXjhs=
-2,3,n5N16V4711DaZFkDw5BxRiLvq7M=,78Bf+OKH4ou9MJwd7jpWWhG8ITE=
-3,3,n5N16V4711DaZFkDw5BxRiLvq7M=,H04khzCQbpQWhsCkDJRzAAL5MSE=
-3,5,n5N16V4711DaZFkDw5BxRiLvq7M=,u8pBObTIVnrbx/eQeFCzW4qXjhs=
-3,6,n5N16V4711DaZFkDw5BxRiLvq7M=,2ReHSzCHM5ku7QMdMDppwli/Wfw=
-2,5,n5N16V4711DaZFkDw5BxRiLvq7M=,cHy/mqj9dE0q4v3kVCaKjFMghZI=
-2,6,n5N16V4711DaZFkDw5BxRiLvq7M=,o1z8RpGw8Mh0P3FEGvj52D64kFw=
-2,7,n5N16V4711DaZFkDw5BxRiLvq7M=,o1z8RpGw8Mh0P3FEGvj52D64kFw=
-3,7,n5N16V4711DaZFkDw5BxRiLvq7M=,2ReHSzCHM5ku7QMdMDppwli/Wfw=
-2,8,n5N16V4711DaZFkDw5BxRiLvq7M=,i9QLwNuxLaFk2mWSDmMNh0KqzDE=
-3,8,n5N16V4711DaZFkDw5BxRiLvq7M=,9OdVtL+RJeB40pV+8J3YAZxBuUw=
-2,11,n5N16V4711DaZFkDw5BxRiLvq7M=,5NDM+J8hIsXPPutgc/BqRF/QT0I=
-3,11,n5N16V4711DaZFkDw5BxRiLvq7M=,oRvPZZyRUitT4Z8peOtxOhpljMc=
-2,10,n5N16V4711DaZFkDw5BxRiLvq7M=,5NDM+J8hIsXPPutgc/BqRF/QT0I=
-3,9,n5N16V4711DaZFkDw5BxRiLvq7M=,9OdVtL+RJeB40pV+8J3YAZxBuUw=
-2,9,n5N16V4711DaZFkDw5BxRiLvq7M=,i9QLwNuxLaFk2mWSDmMNh0KqzDE=
-3,10,n5N16V4711DaZFkDw5BxRiLvq7M=,oRvPZZyRUitT4Z8peOtxOhpljMc=
-5,11,n5N16V4711DaZFkDw5BxRiLvq7M=,c/yHWimNckzdDQk6j6KU+/X0qAE=
-4,11,n5N16V4711DaZFkDw5BxRiLvq7M=,oRvPZZyRUitT4Z8peOtxOhpljMc=
-5,8,n5N16V4711DaZFkDw5BxRiLvq7M=,dj+oznQjQO29MNL47A5eeV/4lgo=
-4,8,n5N16V4711DaZFkDw5BxRiLvq7M=,9OdVtL+RJeB40pV+8J3YAZxBuUw=
-5,10,n5N16V4711DaZFkDw5BxRiLvq7M=,c/yHWimNckzdDQk6j6KU+/X0qAE=
-5,7,n5N16V4711DaZFkDw5BxRiLvq7M=,M5Hwc/WeBNBCpGtU8HbAI526zII=
-4,10,n5N16V4711DaZFkDw5BxRiLvq7M=,oRvPZZyRUitT4Z8peOtxOhpljMc=
-6,8,n5N16V4711DaZFkDw5BxRiLvq7M=,dj+oznQjQO29MNL47A5eeV/4lgo=
-7,7,n5N16V4711DaZFkDw5BxRiLvq7M=,6P731mfMcEkwk2Fbyr2UJPDDoUg=
-6,7,n5N16V4711DaZFkDw5BxRiLvq7M=,M5Hwc/WeBNBCpGtU8HbAI526zII=
-8,7,n5N16V4711DaZFkDw5BxRiLvq7M=,6P731mfMcEkwk2Fbyr2UJPDDoUg=
-4,7,n5N16V4711DaZFkDw5BxRiLvq7M=,2ReHSzCHM5ku7QMdMDppwli/Wfw=
-9,8,n5N16V4711DaZFkDw5BxRiLvq7M=,1QpsR/cvc6Sj+clAM7eQKF8SvIk=
-4,9,n5N16V4711DaZFkDw5BxRiLvq7M=,9OdVtL+RJeB40pV+8J3YAZxBuUw=
-9,7,n5N16V4711DaZFkDw5BxRiLvq7M=,lN9QFmPUTq0OeDLkOWMN3VYiGn8=
-7,8,n5N16V4711DaZFkDw5BxRiLvq7M=,CwvrygWiCER/mIuueOloaNA0isM=
-8,8,n5N16V4711DaZFkDw5BxRiLvq7M=,CwvrygWiCER/mIuueOloaNA0isM=
-5,9,n5N16V4711DaZFkDw5BxRiLvq7M=,dj+oznQjQO29MNL47A5eeV/4lgo=
-8,11,n5N16V4711DaZFkDw5BxRiLvq7M=,nDx+tgyQFAxJ7H3gxitcYZvrIpM=
-9,11,n5N16V4711DaZFkDw5BxRiLvq7M=,wjvVXpwYqYeqGPgxtKede++NRpE=
-6,10,n5N16V4711DaZFkDw5BxRiLvq7M=,c/yHWimNckzdDQk6j6KU+/X0qAE=
-7,11,n5N16V4711DaZFkDw5BxRiLvq7M=,nDx+tgyQFAxJ7H3gxitcYZvrIpM=
-6,11,n5N16V4711DaZFkDw5BxRiLvq7M=,c/yHWimNckzdDQk6j6KU+/X0qAE=
-9,10,n5N16V4711DaZFkDw5BxRiLvq7M=,wjvVXpwYqYeqGPgxtKede++NRpE=
-7,10,n5N16V4711DaZFkDw5BxRiLvq7M=,nDx+tgyQFAxJ7H3gxitcYZvrIpM=
-6,9,n5N16V4711DaZFkDw5BxRiLvq7M=,dj+oznQjQO29MNL47A5eeV/4lgo=
-8,9,n5N16V4711DaZFkDw5BxRiLvq7M=,CwvrygWiCER/mIuueOloaNA0isM=
-7,9,n5N16V4711DaZFkDw5BxRiLvq7M=,CwvrygWiCER/mIuueOloaNA0isM=
-9,9,n5N16V4711DaZFkDw5BxRiLvq7M=,1QpsR/cvc6Sj+clAM7eQKF8SvIk=
-8,10,n5N16V4711DaZFkDw5BxRiLvq7M=,nDx+tgyQFAxJ7H3gxitcYZvrIpM=
-5,2,n5N16V4711DaZFkDw5BxRiLvq7M=,U40v72yuRzNVraW2AcOtCWCymaI=
-3,1,n5N16V4711DaZFkDw5BxRiLvq7M=,FG1pNe9cFLcLZYuVQJF9BxaFdLw=
-5,1,n5N16V4711DaZFkDw5BxRiLvq7M=,dGfVnyNurX5LCEeHZlI2rLyQGKQ=
-3,2,n5N16V4711DaZFkDw5BxRiLvq7M=,H04khzCQbpQWhsCkDJRzAAL5MSE=
-4,2,n5N16V4711DaZFkDw5BxRiLvq7M=,H04khzCQbpQWhsCkDJRzAAL5MSE=
-2,2,n5N16V4711DaZFkDw5BxRiLvq7M=,78Bf+OKH4ou9MJwd7jpWWhG8ITE=
-4,1,n5N16V4711DaZFkDw5BxRiLvq7M=,FG1pNe9cFLcLZYuVQJF9BxaFdLw=
-2,1,n5N16V4711DaZFkDw5BxRiLvq7M=,zJNgAPiNjjK+pb2zMVlSJ0YE0z4=
-5,0,n5N16V4711DaZFkDw5BxRiLvq7M=,dGfVnyNurX5LCEeHZlI2rLyQGKQ=
-4,0,n5N16V4711DaZFkDw5BxRiLvq7M=,FG1pNe9cFLcLZYuVQJF9BxaFdLw=
-3,0,n5N16V4711DaZFkDw5BxRiLvq7M=,FG1pNe9cFLcLZYuVQJF9BxaFdLw=
-1,4,n5N16V4711DaZFkDw5BxRiLvq7M=,cHy/mqj9dE0q4v3kVCaKjFMghZI=
-2,0,n5N16V4711DaZFkDw5BxRiLvq7M=,zJNgAPiNjjK+pb2zMVlSJ0YE0z4=
-1,5,n5N16V4711DaZFkDw5BxRiLvq7M=,cHy/mqj9dE0q4v3kVCaKjFMghZI=
-1,6,n5N16V4711DaZFkDw5BxRiLvq7M=,o1z8RpGw8Mh0P3FEGvj52D64kFw=
-1,2,n5N16V4711DaZFkDw5BxRiLvq7M=,78Bf+OKH4ou9MJwd7jpWWhG8ITE=
-1,3,n5N16V4711DaZFkDw5BxRiLvq7M=,78Bf+OKH4ou9MJwd7jpWWhG8ITE=
-1,8,n5N16V4711DaZFkDw5BxRiLvq7M=,i9QLwNuxLaFk2mWSDmMNh0KqzDE=
-1,7,n5N16V4711DaZFkDw5BxRiLvq7M=,o1z8RpGw8Mh0P3FEGvj52D64kFw=
-1,9,n5N16V4711DaZFkDw5BxRiLvq7M=,i9QLwNuxLaFk2mWSDmMNh0KqzDE=
-1,10,n5N16V4711DaZFkDw5BxRiLvq7M=,5NDM+J8hIsXPPutgc/BqRF/QT0I=
-1,11,n5N16V4711DaZFkDw5BxRiLvq7M=,5NDM+J8hIsXPPutgc/BqRF/QT0I=
-1,1,n5N16V4711DaZFkDw5BxRiLvq7M=,zJNgAPiNjjK+pb2zMVlSJ0YE0z4=
-6,1,n5N16V4711DaZFkDw5BxRiLvq7M=,dGfVnyNurX5LCEeHZlI2rLyQGKQ=
-6,2,n5N16V4711DaZFkDw5BxRiLvq7M=,U40v72yuRzNVraW2AcOtCWCymaI=
-7,1,n5N16V4711DaZFkDw5BxRiLvq7M=,4y8vh2UHmbYBUR4qlWCR58HxjKE=
-6,0,n5N16V4711DaZFkDw5BxRiLvq7M=,dGfVnyNurX5LCEeHZlI2rLyQGKQ=
-7,2,n5N16V4711DaZFkDw5BxRiLvq7M=,/RgzFeBY9t0bi/qAgNWySyyHZO4=
-7,0,n5N16V4711DaZFkDw5BxRiLvq7M=,4y8vh2UHmbYBUR4qlWCR58HxjKE=
-12,1,n5N16V4711DaZFkDw5BxRiLvq7M=,YGEdlRRfxWgWIes+ZyrmvdGKiEo=
-12,2,n5N16V4711DaZFkDw5BxRiLvq7M=,secCiST5M5PM2h6fg18RnLXnzA4=
-12,0,n5N16V4711DaZFkDw5BxRiLvq7M=,YGEdlRRfxWgWIes+ZyrmvdGKiEo=
-11,2,n5N16V4711DaZFkDw5BxRiLvq7M=,secCiST5M5PM2h6fg18RnLXnzA4=
-8,2,n5N16V4711DaZFkDw5BxRiLvq7M=,/RgzFeBY9t0bi/qAgNWySyyHZO4=
-9,2,n5N16V4711DaZFkDw5BxRiLvq7M=,BxhrZZ6i2kiEx6492fVXBDlrhA4=
-8,0,n5N16V4711DaZFkDw5BxRiLvq7M=,4y8vh2UHmbYBUR4qlWCR58HxjKE=
-9,1,n5N16V4711DaZFkDw5BxRiLvq7M=,pcuW7Zqf0+g+4vIT7A18569jpdE=
-11,0,n5N16V4711DaZFkDw5BxRiLvq7M=,YGEdlRRfxWgWIes+ZyrmvdGKiEo=
-10,0,n5N16V4711DaZFkDw5BxRiLvq7M=,pcuW7Zqf0+g+4vIT7A18569jpdE=
-10,1,n5N16V4711DaZFkDw5BxRiLvq7M=,pcuW7Zqf0+g+4vIT7A18569jpdE=
-9,0,n5N16V4711DaZFkDw5BxRiLvq7M=,pcuW7Zqf0+g+4vIT7A18569jpdE=
-11,1,n5N16V4711DaZFkDw5BxRiLvq7M=,YGEdlRRfxWgWIes+ZyrmvdGKiEo=
-8,1,n5N16V4711DaZFkDw5BxRiLvq7M=,4y8vh2UHmbYBUR4qlWCR58HxjKE=
-10,2,n5N16V4711DaZFkDw5BxRiLvq7M=,BxhrZZ6i2kiEx6492fVXBDlrhA4=
-12,11,n5N16V4711DaZFkDw5BxRiLvq7M=,7Os9V9Aw+xeAiFA1br/MeYX4BOQ=
-11,11,n5N16V4711DaZFkDw5BxRiLvq7M=,7Os9V9Aw+xeAiFA1br/MeYX4BOQ=
-12,10,n5N16V4711DaZFkDw5BxRiLvq7M=,7Os9V9Aw+xeAiFA1br/MeYX4BOQ=
-12,9,n5N16V4711DaZFkDw5BxRiLvq7M=,CGU9R97gEhS7baP2PsCQEyMfdQE=
-10,11,n5N16V4711DaZFkDw5BxRiLvq7M=,wjvVXpwYqYeqGPgxtKede++NRpE=
-1,0,n5N16V4711DaZFkDw5BxRiLvq7M=,zJNgAPiNjjK+pb2zMVlSJ0YE0z4=
-10,9,n5N16V4711DaZFkDw5BxRiLvq7M=,1QpsR/cvc6Sj+clAM7eQKF8SvIk=
-10,10,n5N16V4711DaZFkDw5BxRiLvq7M=,wjvVXpwYqYeqGPgxtKede++NRpE=
-11,9,n5N16V4711DaZFkDw5BxRiLvq7M=,CGU9R97gEhS7baP2PsCQEyMfdQE=
-11,10,n5N16V4711DaZFkDw5BxRiLvq7M=,7Os9V9Aw+xeAiFA1br/MeYX4BOQ=
