11,-12,exXa0manD6zY8NxH/agEmZUMzW4=,nJI3mff5QTvoRPum0dEBZB/Ni0Q=
11,-11,exXa0manD6zY8NxH/agEmZUMzW4=,nJI3mff5QTvoRPum0dEBZB/Ni0Q=
11,-10,exXa0manD6zY8NxH/agEmZUMzW4=,RiKzLZYSckZlIRoYC3QMhpkJ7d4=
9,-12,exXa0manD6zY8NxH/agEmZUMzW4=,LaI1m19l/noxS4IUHkGkLYaRU8g=
10,-12,exXa0manD6zY8NxH/agEmZUMzW4=,nJI3mff5QTvoRPum0dEBZB/Ni0Q=
9,-11,exXa0manD6zY8NxH/agEmZUMzW4=,LaI1m19l/noxS4IUHkGkLYaRU8g=
10,-10,exXa0manD6zY8NxH/agEmZUMzW4=,RiKzLZYSckZlIRoYC3QMhpkJ7d4=
10,-11,exXa0manD6zY8NxH/agEmZUMzW4=,nJI3mff5QTvoRPum0dEBZB/Ni0Q=
9,-10,exXa0manD6zY8NxH/agEmZUMzW4=,e51ooL7xZ46T41y7e1Civz0tRpg=
11,-9,exXa0manD6zY8NxH/agEmZUMzW4=,RiKzLZYSckZlIRoYC3QMhpkJ7d4=
11,-8,exXa0manD6zY8NxH/agEmZUMzW4=,lZR+Rcl847XtC+qoMX//q2tdBdY=
10,-9,exXa0manD6zY8NxH/agEmZUMzW4=,RiKzLZYSckZlIRoYC3QMhpkJ7d4=
10,-8,exXa0manD6zY8NxH/agEmZUMzW4=,lZR+Rcl847XtC+qoMX//q2tdBdY=
9,-9,exXa0manD6zY8NxH/agEmZUMzW4=,e51ooL7xZ46T41y7e1Civz0tRpg=
9,-8,exXa0manD6zY8NxH/agEmZUMzW4=,7Z+H21elno8IuZ80nhGkxrksIKA=
11,-7,exXa0manD6zY8NxH/agEmZUMzW4=,lZR+Rcl847XtC+qoMX//q2tdBdY=
11,-6,exXa0manD6zY8NxH/agEmZUMzW4=,T93jMt0fZIbVd5MWR7ACsQmpq5o=
10,-6,exXa0manD6zY8NxH/agEmZUMzW4=,T93jMt0fZIbVd5MWR7ACsQmpq5o=
9,-7,exXa0manD6zY8NxH/agEmZUMzW4=,7Z+H21elno8IuZ80nhGkxrksIKA=
10,-7,exXa0manD6zY8NxH/agEmZUMzW4=,lZR+Rcl847XtC+qoMX//q2tdBdY=
9,-6,exXa0manD6zY8NxH/agEmZUMzW4=,vRW9Azi+jXfB1qNJCQB2fA3TVik=
7,-7,exXa0manD6zY8NxH/agEmZUMzW4=,yz1DgGpGcgZhkjrNWUOtW26DBzM=
8,-6,exXa0manD6zY8NxH/agEmZUMzW4=,vRW9Azi+jXfB1qNJCQB2fA3TVik=
8,-7,exXa0manD6zY8NxH/agEmZUMzW4=,7Z+H21elno8IuZ80nhGkxrksIKA=
7,-6,exXa0manD6zY8NxH/agEmZUMzW4=,hfHI+4P/Fezv5DZRueQUcAyqJLk=
7,-4,exXa0manD6zY8NxH/agEmZUMzW4=,8wZCrftOzhTe8YRYTj81SboGJZM=
7,-5,exXa0manD6zY8NxH/agEmZUMzW4=,hfHI+4P/Fezv5DZRueQUcAyqJLk=
8,-4,exXa0manD6zY8NxH/agEmZUMzW4=,AtEQZFEt62vGhCrZcryGzGxqecg=
8,-5,exXa0manD6zY8NxH/agEmZUMzW4=,vRW9Azi+jXfB1qNJCQB2fA3TVik=
11,-4,exXa0manD6zY8NxH/agEmZUMzW4=,pzI9Ra306BrMZJqASyD4r3287Zc=
11,-5,exXa0manD6zY8NxH/agEmZUMzW4=,T93jMt0fZIbVd5MWR7ACsQmpq5o=
7,-3,exXa0manD6zY8NxH/agEmZUMzW4=,8wZCrftOzhTe8YRYTj81SboGJZM=
9,-4,exXa0manD6zY8NxH/agEmZUMzW4=,AtEQZFEt62vGhCrZcryGzGxqecg=
10,-4,exXa0manD6zY8NxH/agEmZUMzW4=,pzI9Ra306BrMZJqASyD4r3287Zc=
7,-2,exXa0manD6zY8NxH/agEmZUMzW4=,SrRenFnlxjJMI85fE3nk7iQd7z4=
8,-3,exXa0manD6zY8NxH/agEmZUMzW4=,AtEQZFEt62vGhCrZcryGzGxqecg=
8,-2,exXa0manD6zY8NxH/agEmZUMzW4=,ErLdOTZO69AXj5Qcd2prKrRj9rE=
9,-5,exXa0manD6zY8NxH/agEmZUMzW4=,vRW9Azi+jXfB1qNJCQB2fA3TVik=
11,-3,exXa0manD6zY8NxH/agEmZUMzW4=,pzI9Ra306BrMZJqASyD4r3287Zc=
10,-2,exXa0manD6zY8NxH/agEmZUMzW4=,qPvOWmWcTOKQ4nLa6vnMHyjfwo4=
9,-3,exXa0manD6zY8NxH/agEmZUMzW4=,AtEQZFEt62vGhCrZcryGzGxqecg=
10,-5,exXa0manD6zY8NxH/agEmZUMzW4=,T93jMt0fZIbVd5MWR7ACsQmpq5o=
10,-3,exXa0manD6zY8NxH/agEmZUMzW4=,pzI9Ra306BrMZJqASyD4r3287Zc=
9,-2,exXa0manD6zY8NxH/agEmZUMzW4=,ErLdOTZO69AXj5Qcd2prKrRj9rE=
11,-2,exXa0manD6zY8NxH/agEmZUMzW4=,qPvOWmWcTOKQ4nLa6vnMHyjfwo4=
6,-2,9qHiClo/vBAGJtuaNhzvoHd1Jo0=,SrRenFnlxjJMI85fE3nk7iQd7z4=
6,-3,9qHiClo/vBAGJtuaNhzvoHd1Jo0=,8wZCrftOzhTe8YRYTj81SboGJZM=
5,-2,9qHiClo/vBAGJtuaNhzvoHd1Jo0=,fEnykXOrCJSHDeKf1UAgterBX24=
4,-3,9qHiClo/vBAGJtuaNhzvoHd1Jo0=,od4U/xd/KNcsql8EiK5YkAd257M=
3,-3,9qHiClo/vBAGJtuaNhzvoHd1Jo0=,Y1hVcE2x6Sm6fRisFTnsSXrdf3A=
3,-2,9qHiClo/vBAGJtuaNhzvoHd1Jo0=,fSorbF0cuan9YKRQ+mCkj53xxCA=
4,-2,9qHiClo/vBAGJtuaNhzvoHd1Jo0=,fEnykXOrCJSHDeKf1UAgterBX24=
5,-3,9qHiClo/vBAGJtuaNhzvoHd1Jo0=,od4U/xd/KNcsql8EiK5YkAd257M=
2,-9,9qHiClo/vBAGJtuaNhzvoHd1Jo0=,L9woP+F/vCpXveUW2d1Xt+EBwbg=
1,-9,9qHiClo/vBAGJtuaNhzvoHd1Jo0=,JMexpMk1h06yRxB+b0L1ts+Xjxs=
2,-8,9qHiClo/vBAGJtuaNhzvoHd1Jo0=,TrYMxIKzVBOoDU8IBjZtQ2TYay8=
1,-8,9qHiClo/vBAGJtuaNhzvoHd1Jo0=,zIkf+rHS4PBHv7dAW43o5xOAkdc=
5,-5,9qHiClo/vBAGJtuaNhzvoHd1Jo0=,hVt0JUY6sQQR5wnbb+u5pgbtdVQ=
6,-5,9qHiClo/vBAGJtuaNhzvoHd1Jo0=,hfHI+4P/Fezv5DZRueQUcAyqJLk=
3,-5,9qHiClo/vBAGJtuaNhzvoHd1Jo0=,oV9DMrrh0+nhIdjwYwRVLydsBEI=
4,-5,9qHiClo/vBAGJtuaNhzvoHd1Jo0=,hVt0JUY6sQQR5wnbb+u5pgbtdVQ=
1,-6,9qHiClo/vBAGJtuaNhzvoHd1Jo0=,kU+CAeETHkPKhOJz3SMi3CZfHDg=
5,-4,9qHiClo/vBAGJtuaNhzvoHd1Jo0=,od4U/xd/KNcsql8EiK5YkAd257M=
2,-7,9qHiClo/vBAGJtuaNhzvoHd1Jo0=,TrYMxIKzVBOoDU8IBjZtQ2TYay8=
6,-4,9qHiClo/vBAGJtuaNhzvoHd1Jo0=,8wZCrftOzhTe8YRYTj81SboGJZM=
2,-6,9qHiClo/vBAGJtuaNhzvoHd1Jo0=,oV9DMrrh0+nhIdjwYwRVLydsBEI=
1,-7,9qHiClo/vBAGJtuaNhzvoHd1Jo0=,zIkf+rHS4PBHv7dAW43o5xOAkdc=
4,-4,9qHiClo/vBAGJtuaNhzvoHd1Jo0=,od4U/xd/KNcsql8EiK5YkAd257M=
3,-4,9qHiClo/vBAGJtuaNhzvoHd1Jo0=,Y1hVcE2x6Sm6fRisFTnsSXrdf3A=
6,-6,9qHiClo/vBAGJtuaNhzvoHd1Jo0=,hfHI+4P/Fezv5DZRueQUcAyqJLk=
5,-7,9qHiClo/vBAGJtuaNhzvoHd1Jo0=,kfwSi0RaNDZJ0MW3cvemMs8dppY=
4,-7,9qHiClo/vBAGJtuaNhzvoHd1Jo0=,kfwSi0RaNDZJ0MW3cvemMs8dppY=
5,-6,9qHiClo/vBAGJtuaNhzvoHd1Jo0=,hVt0JUY6sQQR5wnbb+u5pgbtdVQ=
6,-7,9qHiClo/vBAGJtuaNhzvoHd1Jo0=,yz1DgGpGcgZhkjrNWUOtW26DBzM=
4,-6,9qHiClo/vBAGJtuaNhzvoHd1Jo0=,hVt0JUY6sQQR5wnbb+u5pgbtdVQ=
3,-6,9qHiClo/vBAGJtuaNhzvoHd1Jo0=,oV9DMrrh0+nhIdjwYwRVLydsBEI=
3,-7,9qHiClo/vBAGJtuaNhzvoHd1Jo0=,TrYMxIKzVBOoDU8IBjZtQ2TYay8=
3,-12,9qHiClo/vBAGJtuaNhzvoHd1Jo0=,olv9y0+7buSMTn9aGQgsa4x+e+I=
4,-12,9qHiClo/vBAGJtuaNhzvoHd1Jo0=,4pK5WUL4YSJIaC/5+whXtQRLKHM=
3,-9,9qHiClo/vBAGJtuaNhzvoHd1Jo0=,L9woP+F/vCpXveUW2d1Xt+EBwbg=
3,-10,9qHiClo/vBAGJtuaNhzvoHd1Jo0=,L9woP+F/vCpXveUW2d1Xt+EBwbg=
3,-11,9qHiClo/vBAGJtuaNhzvoHd1Jo0=,olv9y0+7buSMTn9aGQgsa4x+e+I=
4,-10,9qHiClo/vBAGJtuaNhzvoHd1Jo0=,c0/Izq+AD/ug5k7ph40iS+csOEs=
4,-11,9qHiClo/vBAGJtuaNhzvoHd1Jo0=,4pK5WUL4YSJIaC/5+whXtQRLKHM=
3,-8,9qHiClo/vBAGJtuaNhzvoHd1Jo0=,TrYMxIKzVBOoDU8IBjZtQ2TYay8=
4,-9,9qHiClo/vBAGJtuaNhzvoHd1Jo0=,c0/Izq+AD/ug5k7ph40iS+csOEs=
4,-8,9qHiClo/vBAGJtuaNhzvoHd1Jo0=,kfwSi0RaNDZJ0MW3cvemMs8dppY=
6,-9,9qHiClo/vBAGJtuaNhzvoHd1Jo0=,BUpNegFwja1f+/r2YFTtI9qaJms=
6,-8,9qHiClo/vBAGJtuaNhzvoHd1Jo0=,yz1DgGpGcgZhkjrNWUOtW26DBzM=
5,-9,9qHiClo/vBAGJtuaNhzvoHd1Jo0=,c0/Izq+AD/ug5k7ph40iS+csOEs=
5,-8,9qHiClo/vBAGJtuaNhzvoHd1Jo0=,kfwSi0RaNDZJ0MW3cvemMs8dppY=
8,-9,9qHiClo/vBAGJtuaNhzvoHd1Jo0=,e51ooL7xZ46T41y7e1Civz0tRpg=
7,-8,9qHiClo/vBAGJtuaNhzvoHd1Jo0=,yz1DgGpGcgZhkjrNWUOtW26DBzM=
8,-8,9qHiClo/vBAGJtuaNhzvoHd1Jo0=,7Z+H21elno8IuZ80nhGkxrksIKA=
7,-9,9qHiClo/vBAGJtuaNhzvoHd1Jo0=,BUpNegFwja1f+/r2YFTtI9qaJms=
0,-9,9qHiClo/vBAGJtuaNhzvoHd1Jo0=,JMexpMk1h06yRxB+b0L1ts+Xjxs=
0,-8,9qHiClo/vBAGJtuaNhzvoHd1Jo0=,zIkf+rHS4PBHv7dAW43o5xOAkdc=
0,-7,9qHiClo/vBAGJtuaNhzvoHd1Jo0=,zIkf+rHS4PBHv7dAW43o5xOAkdc=
0,-6,9qHiClo/vBAGJtuaNhzvoHd1Jo0=,kU+CAeETHkPKhOJz3SMi3CZfHDg=
6,-12,9qHiClo/vBAGJtuaNhzvoHd1Jo0=,qWeDqXDbmqwhrec+minHXVvW7pE=
5,-12,9qHiClo/vBAGJtuaNhzvoHd1Jo0=,4pK5WUL4YSJIaC/5+whXtQRLKHM=
8,-12,9qHiClo/vBAGJtuaNhzvoHd1Jo0=,LaI1m19l/noxS4IUHkGkLYaRU8g=
7,-11,9qHiClo/vBAGJtuaNhzvoHd1Jo0=,qWeDqXDbmqwhrec+minHXVvW7pE=
6,-10,9qHiClo/vBAGJtuaNhzvoHd1Jo0=,BUpNegFwja1f+/r2YFTtI9qaJms=
5,-10,9qHiClo/vBAGJtuaNhzvoHd1Jo0=,c0/Izq+AD/ug5k7ph40iS+csOEs=
7,-10,9qHiClo/vBAGJtuaNhzvoHd1Jo0=,BUpNegFwja1f+/r2YFTtI9qaJms=
7,-12,9qHiClo/vBAGJtuaNhzvoHd1Jo0=,qWeDqXDbmqwhrec+minHXVvW7pE=
5,-11,9qHiClo/vBAGJtuaNhzvoHd1Jo0=,4pK5WUL4YSJIaC/5+whXtQRLKHM=
8,-10,9qHiClo/vBAGJtuaNhzvoHd1Jo0=,e51ooL7xZ46T41y7e1Civz0tRpg=
8,-11,9qHiClo/vBAGJtuaNhzvoHd1Jo0=,LaI1m19l/noxS4IUHkGkLYaRU8g=
6,-11,9qHiClo/vBAGJtuaNhzvoHd1Jo0=,qWeDqXDbmqwhrec+minHXVvW7pE=
5,-1,9qHiClo/vBAGJtuaNhzvoHd1Jo0=,fEnykXOrCJSHDeKf1UAgterBX24=
6,-1,9qHiClo/vBAGJtuaNhzvoHd1Jo0=,SrRenFnlxjJMI85fE3nk7iQd7z4=
8,-1,9qHiClo/vBAGJtuaNhzvoHd1Jo0=,ErLdOTZO69AXj5Qcd2prKrRj9rE=
7,-1,9qHiClo/vBAGJtuaNhzvoHd1Jo0=,SrRenFnlxjJMI85fE3nk7iQd7z4=
11,-1,9qHiClo/vBAGJtuaNhzvoHd1Jo0=,qPvOWmWcTOKQ4nLa6vnMHyjfwo4=
9,-1,9qHiClo/vBAGJtuaNhzvoHd1Jo0=,ErLdOTZO69AXj5Qcd2prKrRj9rE=
10,-1,9qHiClo/vBAGJtuaNhzvoHd1Jo0=,qPvOWmWcTOKQ4nLa6vnMHyjfwo4=
1,-4,9qHiClo/vBAGJtuaNhzvoHd1Jo0=,4KoApyKXXeZ0SlmEk3Oyz6Y2jiM=
1,-5,9qHiClo/vBAGJtuaNhzvoHd1Jo0=,kU+CAeETHkPKhOJz3SMi3CZfHDg=
0,-5,9qHiClo/vBAGJtuaNhzvoHd1Jo0=,kU+CAeETHkPKhOJz3SMi3CZfHDg=
2,-5,9qHiClo/vBAGJtuaNhzvoHd1Jo0=,oV9DMrrh0+nhIdjwYwRVLydsBEI=
2,-4,9qHiClo/vBAGJtuaNhzvoHd1Jo0=,Y1hVcE2x6Sm6fRisFTnsSXrdf3A=
0,-10,9qHiClo/vBAGJtuaNhzvoHd1Jo0=,JMexpMk1h06yRxB+b0L1ts+Xjxs=
3,-1,9qHiClo/vBAGJtuaNhzvoHd1Jo0=,fSorbF0cuan9YKRQ+mCkj53xxCA=
0,-4,9qHiClo/vBAGJtuaNhzvoHd1Jo0=,4KoApyKXXeZ0SlmEk3Oyz6Y2jiM=
0,-11,9qHiClo/vBAGJtuaNhzvoHd1Jo0=,Y6bgEv7abX9en86Wb8ztgY44aHg=
2,-11,9qHiClo/vBAGJtuaNhzvoHd1Jo0=,olv9y0+7buSMTn9aGQgsa4x+e+I=
1,-10,9qHiClo/vBAGJtuaNhzvoHd1Jo0=,JMexpMk1h06yRxB+b0L1ts+Xjxs=
2,-3,9qHiClo/vBAGJtuaNhzvoHd1Jo0=,Y1hVcE2x6Sm6fRisFTnsSXrdf3A=
2,-12,9qHiClo/vBAGJtuaNhzvoHd1Jo0=,olv9y0+7buSMTn9aGQgsa4x+e+I=
1,-11,9qHiClo/vBAGJtuaNhzvoHd1Jo0=,Y6bgEv7abX9en86Wb8ztgY44aHg=
2,-10,9qHiClo/vBAGJtuaNhzvoHd1Jo0=,L9woP+F/vCpXveUW2d1Xt+EBwbg=
4,-1,9qHiClo/vBAGJtuaNhzvoHd1Jo0=,fEnykXOrCJSHDeKf1UAgterBX24=
0,-12,9qHiClo/vBAGJtuaNhzvoHd1Jo0=,Y6bgEv7abX9en86Wb8ztgY44aHg=
1,-12,9qHiClo/vBAGJtuaNhzvoHd1Jo0=,Y6bgEv7abX9en86Wb8ztgY44aHg=
2,-2,9qHiClo/vBAGJtuaNhzvoHd1Jo0=,fSorbF0cuan9YKRQ+mCkj53xxCA=
2,-1,9qHiClo/vBAGJtuaNhzvoHd1Jo0=,fSorbF0cuan9YKRQ+mCkj53xxCA=
1,-3,9qHiClo/vBAGJtuaNhzvoHd1Jo0=,4KoApyKXXeZ0SlmEk3Oyz6Y2jiM=
1,-1,9qHiClo/vBAGJtuaNhzvoHd1Jo0=,CpkNJHHxm6VLkBJpV9KNsvgByiU=
0,-3,9qHiClo/vBAGJtuaNhzvoHd1Jo0=,4KoApyKXXeZ0SlmEk3Oyz6Y2jiM=
1,-2,9qHiClo/vBAGJtuaNhzvoHd1Jo0=,CpkNJHHxm6VLkBJpV9KNsvgByiU=
0,-2,9qHiClo/vBAGJtuaNhzvoHd1Jo0=,CpkNJHHxm6VLkBJpV9KNsvgByiU=
0,-1,9qHiClo/vBAGJtuaNhzvoHd1Jo0=,CpkNJHHxm6VLkBJpV9KNsvgByiU=
