1,2,1UrveLe8fWFxs0HlhBordme7Ug4=,/8SpiouOItiu047xo3Lmw2T6NYg=
1,1,1UrveLe8fWFxs0HlhBordme7Ug4=,/amMp2N0q7RdpxB2RQtGkhCoDf4=
2,2,1UrveLe8fWFxs0HlhBordme7Ug4=,ehlMmO3eIbo1Nom37WJVrxlkDbs=
2,1,1UrveLe8fWFxs0HlhBordme7Ug4=,QN/EfBPrlJUPUy23fyWzQNS/djI=
2,3,1UrveLe8fWFxs0HlhBordme7Ug4=,ehlMmO3eIbo1Nom37WJVrxlkDbs=
1,4,1UrveLe8fWFxs0HlhBordme7Ug4=,Ge0RDZ1p+cq21YJitgfari7d+4c=
1,3,1UrveLe8fWFxs0HlhBordme7Ug4=,/8SpiouOItiu047xo3Lmw2T6NYg=
2,4,1UrveLe8fWFxs0HlhBordme7Ug4=,UjR1VO5Bs/P7B0g3qt7X00gCn5g=
2,6,1UrveLe8fWFxs0HlhBordme7Ug4=,pmaHdm26uE7uVHu5tz4rvT/9iq0=
1,6,1UrveLe8fWFxs0HlhBordme7Ug4=,AcjohcFskKyIb3QF58x5lOkIteM=
1,5,1UrveLe8fWFxs0HlhBordme7Ug4=,Ge0RDZ1p+cq21YJitgfari7d+4c=
2,5,1UrveLe8fWFxs0HlhBordme7Ug4=,UjR1VO5Bs/P7B0g3qt7X00gCn5g=
2,11,1UrveLe8fWFxs0HlhBordme7Ug4=,T43HW8lxRAaK8km2aFoAqtOtsmY=
1,11,1UrveLe8fWFxs0HlhBordme7Ug4=,Nuly5cRZHQd+MZzf1A1InjJ/RkU=
2,7,1UrveLe8fWFxs0HlhBordme7Ug4=,pmaHdm26uE7uVHu5tz4rvT/9iq0=
1,7,1UrveLe8fWFxs0HlhBordme7Ug4=,AcjohcFskKyIb3QF58x5lOkIteM=
1,8,1UrveLe8fWFxs0HlhBordme7Ug4=,CCaHErQrcBFxw0yA9pdQlet1hTk=
2,9,1UrveLe8fWFxs0HlhBordme7Ug4=,jvLd89/7nXR6xTLdFdEHKf5WVk4=
2,10,1UrveLe8fWFxs0HlhBordme7Ug4=,T43HW8lxRAaK8km2aFoAqtOtsmY=
1,9,1UrveLe8fWFxs0HlhBordme7Ug4=,CCaHErQrcBFxw0yA9pdQlet1hTk=
1,10,1UrveLe8fWFxs0HlhBordme7Ug4=,Nuly5cRZHQd+MZzf1A1InjJ/RkU=
2,8,1UrveLe8fWFxs0HlhBordme7Ug4=,jvLd89/7nXR6xTLdFdEHKf5WVk4=
4,8,1UrveLe8fWFxs0HlhBordme7Ug4=,h3oYUTEp4Z7Kw+vgKenu30y29W0=
3,7,1UrveLe8fWFxs0HlhBordme7Ug4=,pmaHdm26uE7uVHu5tz4rvT/9iq0=
3,6,1UrveLe8fWFxs0HlhBordme7Ug4=,pmaHdm26uE7uVHu5tz4rvT/9iq0=
3,5,1UrveLe8fWFxs0HlhBordme7Ug4=,UjR1VO5Bs/P7B0g3qt7X00gCn5g=
3,8,1UrveLe8fWFxs0HlhBordme7Ug4=,jvLd89/7nXR6xTLdFdEHKf5WVk4=
4,5,1UrveLe8fWFxs0HlhBordme7Ug4=,PSX44lTblIGu8mxAawpTl8skI9Q=
4,6,1UrveLe8fWFxs0HlhBordme7Ug4=,d7iT50kB+6g8FkwBp/4GzBcNqbY=
4,7,1UrveLe8fWFxs0HlhBordme7Ug4=,d7iT50kB+6g8FkwBp/4GzBcNqbY=
3,4,1UrveLe8fWFxs0HlhBordme7Ug4=,UjR1VO5Bs/P7B0g3qt7X00gCn5g=
4,4,1UrveLe8fWFxs0HlhBordme7Ug4=,PSX44lTblIGu8mxAawpTl8skI9Q=
4,3,1UrveLe8fWFxs0HlhBordme7Ug4=,sC+xC0tIgSJGCCugfjJKS0kC0Mo=
3,3,1UrveLe8fWFxs0HlhBordme7Ug4=,ehlMmO3eIbo1Nom37WJVrxlkDbs=
6,3,1UrveLe8fWFxs0HlhBordme7Ug4=,a+TI8CWXuPyyfZxZ2PdCbXOQsOc=
5,4,1UrveLe8fWFxs0HlhBordme7Ug4=,PSX44lTblIGu8mxAawpTl8skI9Q=
6,4,1UrveLe8fWFxs0HlhBordme7Ug4=,RoySHCtyQXtAktJDnJhtTzBiMKE=
5,3,1UrveLe8fWFxs0HlhBordme7Ug4=,sC+xC0tIgSJGCCugfjJKS0kC0Mo=
5,1,1UrveLe8fWFxs0HlhBordme7Ug4=,CsqxPvo0N9NT9wZlOk8hiIyajMA=
6,2,1UrveLe8fWFxs0HlhBordme7Ug4=,a+TI8CWXuPyyfZxZ2PdCbXOQsOc=
4,2,1UrveLe8fWFxs0HlhBordme7Ug4=,sC+xC0tIgSJGCCugfjJKS0kC0Mo=
6,1,1UrveLe8fWFxs0HlhBordme7Ug4=,LHOeSFw3lkC3wX0eOQVGODN5zxU=
3,2,1UrveLe8fWFxs0HlhBordme7Ug4=,ehlMmO3eIbo1Nom37WJVrxlkDbs=
4,1,1UrveLe8fWFxs0HlhBordme7Ug4=,CsqxPvo0N9NT9wZlOk8hiIyajMA=
3,1,1UrveLe8fWFxs0HlhBordme7Ug4=,QN/EfBPrlJUPUy23fyWzQNS/djI=
5,2,1UrveLe8fWFxs0HlhBordme7Ug4=,sC+xC0tIgSJGCCugfjJKS0kC0Mo=
6,5,1UrveLe8fWFxs0HlhBordme7Ug4=,RoySHCtyQXtAktJDnJhtTzBiMKE=
6,6,1UrveLe8fWFxs0HlhBordme7Ug4=,gls/Rbudoqt0JrXCfxdkhQTBsSE=
5,6,1UrveLe8fWFxs0HlhBordme7Ug4=,d7iT50kB+6g8FkwBp/4GzBcNqbY=
5,5,1UrveLe8fWFxs0HlhBordme7Ug4=,PSX44lTblIGu8mxAawpTl8skI9Q=
6,8,1UrveLe8fWFxs0HlhBordme7Ug4=,DwkUOPJ1jQ9oe300yYje0YR9PfA=
5,8,1UrveLe8fWFxs0HlhBordme7Ug4=,h3oYUTEp4Z7Kw+vgKenu30y29W0=
5,7,1UrveLe8fWFxs0HlhBordme7Ug4=,d7iT50kB+6g8FkwBp/4GzBcNqbY=
6,7,1UrveLe8fWFxs0HlhBordme7Ug4=,gls/Rbudoqt0JrXCfxdkhQTBsSE=
7,11,vCDjmpc8FBGUEnAvoOv+hult7ck=,YZ/7AbzoqqIDMZF2IyulkHrgPZo=
8,11,vCDjmpc8FBGUEnAvoOv+hult7ck=,Wo5vdak3AjKtvL45TqtrKsrKbwQ=
8,7,vCDjmpc8FBGUEnAvoOv+hult7ck=,KwOhmJohA6ZFgGWsYJjYGTB9W80=
7,10,vCDjmpc8FBGUEnAvoOv+hult7ck=,YZ/7AbzoqqIDMZF2IyulkHrgPZo=
7,8,vCDjmpc8FBGUEnAvoOv+hult7ck=,DwkUOPJ1jQ9oe300yYje0YR9PfA=
7,7,vCDjmpc8FBGUEnAvoOv+hult7ck=,gls/Rbudoqt0JrXCfxdkhQTBsSE=
8,10,vCDjmpc8FBGUEnAvoOv+hult7ck=,Wo5vdak3AjKtvL45TqtrKsrKbwQ=
8,8,vCDjmpc8FBGUEnAvoOv+hult7ck=,SJS+KZHLtnYw/reeeV9KSMslfjQ=
7,9,vCDjmpc8FBGUEnAvoOv+hult7ck=,DwkUOPJ1jQ9oe300yYje0YR9PfA=
8,5,vCDjmpc8FBGUEnAvoOv+hult7ck=,lVUM49QGhEUzLOk5fBvLLi3yHbg=
7,6,vCDjmpc8FBGUEnAvoOv+hult7ck=,gls/Rbudoqt0JrXCfxdkhQTBsSE=
8,9,vCDjmpc8FBGUEnAvoOv+hult7ck=,SJS+KZHLtnYw/reeeV9KSMslfjQ=
7,5,vCDjmpc8FBGUEnAvoOv+hult7ck=,RoySHCtyQXtAktJDnJhtTzBiMKE=
8,6,vCDjmpc8FBGUEnAvoOv+hult7ck=,KwOhmJohA6ZFgGWsYJjYGTB9W80=
8,4,vCDjmpc8FBGUEnAvoOv+hult7ck=,lVUM49QGhEUzLOk5fBvLLi3yHbg=
8,3,vCDjmpc8FBGUEnAvoOv+hult7ck=,uhFLizQZ6emhuWC6zcv+NR1a+94=
7,4,vCDjmpc8FBGUEnAvoOv+hult7ck=,RoySHCtyQXtAktJDnJhtTzBiMKE=
7,3,vCDjmpc8FBGUEnAvoOv+hult7ck=,a+TI8CWXuPyyfZxZ2PdCbXOQsOc=
11,5,vCDjmpc8FBGUEnAvoOv+hult7ck=,zsQ4imvngMiZxz73KPSZWjDADk0=
11,6,vCDjmpc8FBGUEnAvoOv+hult7ck=,MN+dLYyeaTCzNMP6+Yw3VVCw9Gg=
10,6,vCDjmpc8FBGUEnAvoOv+hult7ck=,MN+dLYyeaTCzNMP6+Yw3VVCw9Gg=
10,5,vCDjmpc8FBGUEnAvoOv+hult7ck=,zsQ4imvngMiZxz73KPSZWjDADk0=
8,2,vCDjmpc8FBGUEnAvoOv+hult7ck=,uhFLizQZ6emhuWC6zcv+NR1a+94=
7,1,vCDjmpc8FBGUEnAvoOv+hult7ck=,LHOeSFw3lkC3wX0eOQVGODN5zxU=
7,0,vCDjmpc8FBGUEnAvoOv+hult7ck=,LHOeSFw3lkC3wX0eOQVGODN5zxU=
9,5,vCDjmpc8FBGUEnAvoOv+hult7ck=,lVUM49QGhEUzLOk5fBvLLi3yHbg=
8,0,vCDjmpc8FBGUEnAvoOv+hult7ck=,Cg8iADWKiggdO7Pjd/+HOA/yU4k=
9,3,vCDjmpc8FBGUEnAvoOv+hult7ck=,uhFLizQZ6emhuWC6zcv+NR1a+94=
0,4,vCDjmpc8FBGUEnAvoOv+hult7ck=,Ge0RDZ1p+cq21YJitgfari7d+4c=
7,2,vCDjmpc8FBGUEnAvoOv+hult7ck=,a+TI8CWXuPyyfZxZ2PdCbXOQsOc=
9,6,vCDjmpc8FBGUEnAvoOv+hult7ck=,KwOhmJohA6ZFgGWsYJjYGTB9W80=
0,8,vCDjmpc8FBGUEnAvoOv+hult7ck=,CCaHErQrcBFxw0yA9pdQlet1hTk=
11,3,vCDjmpc8FBGUEnAvoOv+hult7ck=,FTiK7xgQnTmqn+JqsVEgTwmT6Jc=
0,7,vCDjmpc8FBGUEnAvoOv+hult7ck=,AcjohcFskKyIb3QF58x5lOkIteM=
8,1,vCDjmpc8FBGUEnAvoOv+hult7ck=,Cg8iADWKiggdO7Pjd/+HOA/yU4k=
9,4,vCDjmpc8FBGUEnAvoOv+hult7ck=,lVUM49QGhEUzLOk5fBvLLi3yHbg=
0,6,vCDjmpc8FBGUEnAvoOv+hult7ck=,AcjohcFskKyIb3QF58x5lOkIteM=
0,11,vCDjmpc8FBGUEnAvoOv+hult7ck=,Nuly5cRZHQd+MZzf1A1InjJ/RkU=
0,9,vCDjmpc8FBGUEnAvoOv+hult7ck=,CCaHErQrcBFxw0yA9pdQlet1hTk=
11,4,vCDjmpc8FBGUEnAvoOv+hult7ck=,zsQ4imvngMiZxz73KPSZWjDADk0=
0,5,vCDjmpc8FBGUEnAvoOv+hult7ck=,Ge0RDZ1p+cq21YJitgfari7d+4c=
10,3,vCDjmpc8FBGUEnAvoOv+hult7ck=,FTiK7xgQnTmqn+JqsVEgTwmT6Jc=
0,10,vCDjmpc8FBGUEnAvoOv+hult7ck=,Nuly5cRZHQd+MZzf1A1InjJ/RkU=
10,4,vCDjmpc8FBGUEnAvoOv+hult7ck=,zsQ4imvngMiZxz73KPSZWjDADk0=
3,0,vCDjmpc8FBGUEnAvoOv+hult7ck=,QN/EfBPrlJUPUy23fyWzQNS/djI=
5,0,vCDjmpc8FBGUEnAvoOv+hult7ck=,CsqxPvo0N9NT9wZlOk8hiIyajMA=
2,0,vCDjmpc8FBGUEnAvoOv+hult7ck=,QN/EfBPrlJUPUy23fyWzQNS/djI=
6,0,vCDjmpc8FBGUEnAvoOv+hult7ck=,LHOeSFw3lkC3wX0eOQVGODN5zxU=
0,2,vCDjmpc8FBGUEnAvoOv+hult7ck=,/8SpiouOItiu047xo3Lmw2T6NYg=
0,3,vCDjmpc8FBGUEnAvoOv+hult7ck=,/8SpiouOItiu047xo3Lmw2T6NYg=
1,0,vCDjmpc8FBGUEnAvoOv+hult7ck=,/amMp2N0q7RdpxB2RQtGkhCoDf4=
4,0,vCDjmpc8FBGUEnAvoOv+hult7ck=,CsqxPvo0N9NT9wZlOk8hiIyajMA=
0,0,vCDjmpc8FBGUEnAvoOv+hult7ck=,/amMp2N0q7RdpxB2RQtGkhCoDf4=
0,1,vCDjmpc8FBGUEnAvoOv+hult7ck=,/amMp2N0q7RdpxB2RQtGkhCoDf4=
11,1,vCDjmpc8FBGUEnAvoOv+hult7ck=,tm6PCGJrTa1yoSLxKRc0F+ZdRR4=
11,0,vCDjmpc8FBGUEnAvoOv+hult7ck=,tm6PCGJrTa1yoSLxKRc0F+ZdRR4=
9,1,vCDjmpc8FBGUEnAvoOv+hult7ck=,Cg8iADWKiggdO7Pjd/+HOA/yU4k=
9,0,vCDjmpc8FBGUEnAvoOv+hult7ck=,Cg8iADWKiggdO7Pjd/+HOA/yU4k=
10,0,vCDjmpc8FBGUEnAvoOv+hult7ck=,tm6PCGJrTa1yoSLxKRc0F+ZdRR4=
10,2,vCDjmpc8FBGUEnAvoOv+hult7ck=,FTiK7xgQnTmqn+JqsVEgTwmT6Jc=
9,2,vCDjmpc8FBGUEnAvoOv+hult7ck=,uhFLizQZ6emhuWC6zcv+NR1a+94=
10,1,vCDjmpc8FBGUEnAvoOv+hult7ck=,tm6PCGJrTa1yoSLxKRc0F+ZdRR4=
11,11,vCDjmpc8FBGUEnAvoOv+hult7ck=,YLynVgk5caTXXOYPPACPT/u4sxg=
9,11,vCDjmpc8FBGUEnAvoOv+hult7ck=,Wo5vdak3AjKtvL45TqtrKsrKbwQ=
10,11,vCDjmpc8FBGUEnAvoOv+hult7ck=,YLynVgk5caTXXOYPPACPT/u4sxg=
3,11,vCDjmpc8FBGUEnAvoOv+hult7ck=,T43HW8lxRAaK8km2aFoAqtOtsmY=
3,10,vCDjmpc8FBGUEnAvoOv+hult7ck=,T43HW8lxRAaK8km2aFoAqtOtsmY=
5,9,vCDjmpc8FBGUEnAvoOv+hult7ck=,h3oYUTEp4Z7Kw+vgKenu30y29W0=
4,9,vCDjmpc8FBGUEnAvoOv+hult7ck=,h3oYUTEp4Z7Kw+vgKenu30y29W0=
4,10,vCDjmpc8FBGUEnAvoOv+hult7ck=,BdjJZ0RY08nwpnhDODADtMENldc=
6,9,vCDjmpc8FBGUEnAvoOv+hult7ck=,DwkUOPJ1jQ9oe300yYje0YR9PfA=
4,11,vCDjmpc8FBGUEnAvoOv+hult7ck=,BdjJZ0RY08nwpnhDODADtMENldc=
3,9,vCDjmpc8FBGUEnAvoOv+hult7ck=,jvLd89/7nXR6xTLdFdEHKf5WVk4=
11,2,vCDjmpc8FBGUEnAvoOv+hult7ck=,FTiK7xgQnTmqn+JqsVEgTwmT6Jc=
5,11,vCDjmpc8FBGUEnAvoOv+hult7ck=,BdjJZ0RY08nwpnhDODADtMENldc=
9,8,vCDjmpc8FBGUEnAvoOv+hult7ck=,SJS+KZHLtnYw/reeeV9KSMslfjQ=
11,7,vCDjmpc8FBGUEnAvoOv+hult7ck=,MN+dLYyeaTCzNMP6+Yw3VVCw9Gg=
9,10,vCDjmpc8FBGUEnAvoOv+hult7ck=,Wo5vdak3AjKtvL45TqtrKsrKbwQ=
5,10,vCDjmpc8FBGUEnAvoOv+hult7ck=,BdjJZ0RY08nwpnhDODADtMENldc=
10,10,vCDjmpc8FBGUEnAvoOv+hult7ck=,YLynVgk5caTXXOYPPACPT/u4sxg=
9,7,vCDjmpc8FBGUEnAvoOv+hult7ck=,KwOhmJohA6ZFgGWsYJjYGTB9W80=
6,11,vCDjmpc8FBGUEnAvoOv+hult7ck=,YZ/7AbzoqqIDMZF2IyulkHrgPZo=
6,10,vCDjmpc8FBGUEnAvoOv+hult7ck=,YZ/7AbzoqqIDMZF2IyulkHrgPZo=
11,8,vCDjmpc8FBGUEnAvoOv+hult7ck=,4RHxDhhppIapzlHj/bqIOvL6y5o=
10,8,vCDjmpc8FBGUEnAvoOv+hult7ck=,4RHxDhhppIapzlHj/bqIOvL6y5o=
9,9,vCDjmpc8FBGUEnAvoOv+hult7ck=,SJS+KZHLtnYw/reeeV9KSMslfjQ=
11,9,vCDjmpc8FBGUEnAvoOv+hult7ck=,4RHxDhhppIapzlHj/bqIOvL6y5o=
10,9,vCDjmpc8FBGUEnAvoOv+hult7ck=,4RHxDhhppIapzlHj/bqIOvL6y5o=
11,10,vCDjmpc8FBGUEnAvoOv+hult7ck=,YLynVgk5caTXXOYPPACPT/u4sxg=
10,7,vCDjmpc8FBGUEnAvoOv+hult7ck=,MN+dLYyeaTCzNMP6+Yw3VVCw9Gg=
