-4,0,jr04Hrg0S8IwJ51bfrIT6C7rWaw=,RAyYqgBlscN8c6wOaVn3DsB5ws4=
-4,1,jr04Hrg0S8IwJ51bfrIT6C7rWaw=,Svz3afg46OF0XDFPlB9wT9JrJew=
-4,2,jr04Hrg0S8IwJ51bfrIT6C7rWaw=,jxQrABJPVd3CQk0PdPLt84VknFE=
-3,1,jr04Hrg0S8IwJ51bfrIT6C7rWaw=,kfs2Csfw2JH0ZNpjnJh93FunMN0=
-4,3,jr04Hrg0S8IwJ51bfrIT6C7rWaw=,RAyYqgBlscN8c6wOaVn3DsB5ws4=
-3,0,jr04Hrg0S8IwJ51bfrIT6C7rWaw=,RAyYqgBlscN8c6wOaVn3DsB5ws4=
-3,3,jr04Hrg0S8IwJ51bfrIT6C7rWaw=,RAyYqgBlscN8c6wOaVn3DsB5ws4=
-3,2,jr04Hrg0S8IwJ51bfrIT6C7rWaw=,e0OIrYmShSXvUuSMj7qqBq8jYlI=
-2,2,jr04Hrg0S8IwJ51bfrIT6C7rWaw=,RAyYqgBlscN8c6wOaVn3DsB5ws4=
-2,3,jr04Hrg0S8IwJ51bfrIT6C7rWaw=,RAyYqgBlscN8c6wOaVn3DsB5ws4=
-1,3,jr04Hrg0S8IwJ51bfrIT6C7rWaw=,RAyYqgBlscN8c6wOaVn3DsB5ws4=
-2,0,jr04Hrg0S8IwJ51bfrIT6C7rWaw=,RAyYqgBlscN8c6wOaVn3DsB5ws4=
-1,2,jr04Hrg0S8IwJ51bfrIT6C7rWaw=,RAyYqgBlscN8c6wOaVn3DsB5ws4=
-2,1,jr04Hrg0S8IwJ51bfrIT6C7rWaw=,RAyYqgBlscN8c6wOaVn3DsB5ws4=
-1,1,L5FwF1Fn00pZLs9RrVcp1Jduzog=,RAyYqgBlscN8c6wOaVn3DsB5ws4=
-1,0,L5FwF1Fn00pZLs9RrVcp1Jduzog=,RAyYqgBlscN8c6wOaVn3DsB5ws4=
