9,-7,blQoW7SjcvM+t1Ar6sLhtAbgHn4=,Z2NMwcj1f7i0jODL26o54CgtHQo=
9,-8,blQoW7SjcvM+t1Ar6sLhtAbgHn4=,Z2NMwcj1f7i0jODL26o54CgtHQo=
9,-5,blQoW7SjcvM+t1Ar6sLhtAbgHn4=,YCMLqiQmkUhc1Qbipg/5vatWwZI=
9,-6,1HF7uOeQNmTZLlPNIFrni0K7ha8=,rM4hhMthC3ztL7HpaPSIbjpNC8M=
9,-4,1HF7uOeQNmTZLlPNIFrni0K7ha8=,bcsr6StcuXqDwxWkSoGpCuXK2VE=
9,-1,1HF7uOeQNmTZLlPNIFrni0K7ha8=,sOIqbiNd7g1zxi+vzNKbMVziLO8=
9,-3,1HF7uOeQNmTZLlPNIFrni0K7ha8=,chV9/3AQ83qWWy+syeOyrq9ruzs=
9,-2,1HF7uOeQNmTZLlPNIFrni0K7ha8=,7Fm7zfChmTTIqy49z/E2gR1DnGs=
9,-9,1HF7uOeQNmTZLlPNIFrni0K7ha8=,Z2NMwcj1f7i0jODL26o54CgtHQo=
9,-10,1HF7uOeQNmTZLlPNIFrni0K7ha8=,Z2NMwcj1f7i0jODL26o54CgtHQo=
8,-8,1HF7uOeQNmTZLlPNIFrni0K7ha8=,Z2NMwcj1f7i0jODL26o54CgtHQo=
8,-7,1HF7uOeQNmTZLlPNIFrni0K7ha8=,Z2NMwcj1f7i0jODL26o54CgtHQo=
8,-6,1HF7uOeQNmTZLlPNIFrni0K7ha8=,rsy8O35inedD4NtjrYZIsikPBk0=
8,-5,1HF7uOeQNmTZLlPNIFrni0K7ha8=,XhogxmFveztjxyKVTUy9Ykq/Ic4=
8,-4,1HF7uOeQNmTZLlPNIFrni0K7ha8=,0lnopJRBLCPeoG8sT+2Ce0rAndg=
8,-3,1HF7uOeQNmTZLlPNIFrni0K7ha8=,5tCbG5fUtoIiQDEyXJFAlO0V9aQ=
8,-2,1HF7uOeQNmTZLlPNIFrni0K7ha8=,4Ll+Uu+7lzD+iY/j3/8TdJBQo8U=
8,-1,1HF7uOeQNmTZLlPNIFrni0K7ha8=,Z2NMwcj1f7i0jODL26o54CgtHQo=
8,-10,1HF7uOeQNmTZLlPNIFrni0K7ha8=,Z2NMwcj1f7i0jODL26o54CgtHQo=
8,-9,1HF7uOeQNmTZLlPNIFrni0K7ha8=,Z2NMwcj1f7i0jODL26o54CgtHQo=
7,-9,1HF7uOeQNmTZLlPNIFrni0K7ha8=,uc0hy6vTN8dgOBsYUCNNyRtzmwg=
7,-10,1HF7uOeQNmTZLlPNIFrni0K7ha8=,uc0hy6vTN8dgOBsYUCNNyRtzmwg=
7,-6,1HF7uOeQNmTZLlPNIFrni0K7ha8=,6S5WsvmCT50q8kLGt+tHKDbBu/M=
7,-7,1HF7uOeQNmTZLlPNIFrni0K7ha8=,SyVTYn3Q6A4MvBbA2QYRUliqpNw=
7,-8,1HF7uOeQNmTZLlPNIFrni0K7ha8=,PaHUZ14WS4VTNPvESspdenGRQRg=
7,-4,1HF7uOeQNmTZLlPNIFrni0K7ha8=,SnxGJQaJuC64k9wmF7nRZWO6Grs=
7,-5,1HF7uOeQNmTZLlPNIFrni0K7ha8=,aply/7xCPGQxJ72zbTXgm+6YiKg=
7,-1,1HF7uOeQNmTZLlPNIFrni0K7ha8=,wiuJ+6PMaE5TKhMk4Ru8vscyf8s=
7,-2,1HF7uOeQNmTZLlPNIFrni0K7ha8=,wiuJ+6PMaE5TKhMk4Ru8vscyf8s=
7,-3,1HF7uOeQNmTZLlPNIFrni0K7ha8=,CBemQ8IjNi52Syfgtbum9uzVt6s=
6,-10,WLDQxGHF0ittYJ9ceFrVgPzjvbM=,nyxQDOA7MZ9MHOOjXkzbxLdxc6g=
6,-9,WLDQxGHF0ittYJ9ceFrVgPzjvbM=,uc0hy6vTN8dgOBsYUCNNyRtzmwg=
6,-4,WLDQxGHF0ittYJ9ceFrVgPzjvbM=,zvIussKOTumUODKkxoSSixQ4VpU=
6,-6,WLDQxGHF0ittYJ9ceFrVgPzjvbM=,dQJGxTPsqPB0XNrcnive5HXQVOo=
6,-2,WLDQxGHF0ittYJ9ceFrVgPzjvbM=,BrEtCc8JoXEY+BzP66X6bVoI4ho=
6,-1,WLDQxGHF0ittYJ9ceFrVgPzjvbM=,27EuHMPWisDkSQVhHCfRkxNEPJ4=
6,-5,WLDQxGHF0ittYJ9ceFrVgPzjvbM=,RuJFdDHQWnqEpyq8GhpiGbY3ThA=
6,-8,WLDQxGHF0ittYJ9ceFrVgPzjvbM=,CmeU3k2T7J9dnAg8xMzJamZPTsk=
6,-3,WLDQxGHF0ittYJ9ceFrVgPzjvbM=,+Ai7GwyIz8TwqNtJrxPiAA5WVHA=
6,-7,WLDQxGHF0ittYJ9ceFrVgPzjvbM=,+ZE0KFyqWx6va2p6pcbeEJpn0mA=
5,-10,WLDQxGHF0ittYJ9ceFrVgPzjvbM=,3FDtczvtfMp64bRv/NuuFtLI3rg=
5,-9,WLDQxGHF0ittYJ9ceFrVgPzjvbM=,nyxQDOA7MZ9MHOOjXkzbxLdxc6g=
5,-4,WLDQxGHF0ittYJ9ceFrVgPzjvbM=,T4o8Gnun1NCfcwp2Py0i33sMP9c=
5,-8,WLDQxGHF0ittYJ9ceFrVgPzjvbM=,XO/ZbePKhbYVC6YiI5+++dFlwHo=
5,-3,WLDQxGHF0ittYJ9ceFrVgPzjvbM=,ZoCC7GtjNGHyQXQq5TJkumKQGsA=
5,-5,WLDQxGHF0ittYJ9ceFrVgPzjvbM=,mqClI7s/rgxM38oOoRawNZenDOQ=
5,-7,WLDQxGHF0ittYJ9ceFrVgPzjvbM=,EPQNaecg1XjaTgVtrNQNnVLHiQ0=
5,-2,WLDQxGHF0ittYJ9ceFrVgPzjvbM=,eQaKWvAaqY10lWzEAK0gqer2Foc=
5,-6,WLDQxGHF0ittYJ9ceFrVgPzjvbM=,mqClI7s/rgxM38oOoRawNZenDOQ=
5,-1,WLDQxGHF0ittYJ9ceFrVgPzjvbM=,0GgBMTke44a6NhZV0F2O53l2EM8=
4,-10,WLDQxGHF0ittYJ9ceFrVgPzjvbM=,njTsLI+KO4tOXw9zGVeCItP9ah8=
4,-9,WLDQxGHF0ittYJ9ceFrVgPzjvbM=,/gvRIs1ykr1OsC0BnTQhJt+NKDs=
4,-4,WLDQxGHF0ittYJ9ceFrVgPzjvbM=,5a2AFeJ5uUCaUvZdjj/ln3Dz52A=
4,-8,WLDQxGHF0ittYJ9ceFrVgPzjvbM=,JeT/LovbEiiPeaHLRbhAl5pP6dw=
4,-7,WLDQxGHF0ittYJ9ceFrVgPzjvbM=,UC5JyVFucq7xZ6VOLUghqdaldrA=
4,-5,WLDQxGHF0ittYJ9ceFrVgPzjvbM=,mqClI7s/rgxM38oOoRawNZenDOQ=
4,-6,WLDQxGHF0ittYJ9ceFrVgPzjvbM=,w8Ky9YF6j+fP5T3VnBpee9KHVME=
4,-3,WLDQxGHF0ittYJ9ceFrVgPzjvbM=,kJcu5g5AwWBoCz8PFW7Wyr3lOtE=
4,-2,6ON+j3Z4uEZHjGgMKnNVGDQolRM=,NsueK1gOk6QQbsovWQXD0fyU2oc=
3,-10,6ON+j3Z4uEZHjGgMKnNVGDQolRM=,1CipQjqCEP+Kjjp+ukrGv+PLTXo=
4,-1,6ON+j3Z4uEZHjGgMKnNVGDQolRM=,IkQ6wtAMUcTTRUmbNAF7kxElLSY=
3,-9,6ON+j3Z4uEZHjGgMKnNVGDQolRM=,ve7snZ0oqCC/sZ0gRhAj6x/TTKY=
3,-6,6ON+j3Z4uEZHjGgMKnNVGDQolRM=,dP2kxEvA1vLLw3e15PXsxBra/C8=
3,-5,6ON+j3Z4uEZHjGgMKnNVGDQolRM=,o/6gWQXZZPD4dq8a3pCL8E3XcLI=
3,-7,6ON+j3Z4uEZHjGgMKnNVGDQolRM=,3F9wjH23CRNiXfknmLnoLeWCCyE=
3,-8,6ON+j3Z4uEZHjGgMKnNVGDQolRM=,4k2RCKPFMuVCrjfh3v0gT3Qnuv4=
3,-4,6ON+j3Z4uEZHjGgMKnNVGDQolRM=,D2bz5R2U8MlS/5N118bgUyLtTg0=
3,-1,6ON+j3Z4uEZHjGgMKnNVGDQolRM=,1wyRBtLWH89ifDAc3/4tZtynQpA=
3,-2,6ON+j3Z4uEZHjGgMKnNVGDQolRM=,JqxnImADDLMw5cTWGzaYn4UJYT4=
3,-3,6ON+j3Z4uEZHjGgMKnNVGDQolRM=,h95gZ6HnhpH9JOYzg3PQ+aLBTCA=
2,-9,6ON+j3Z4uEZHjGgMKnNVGDQolRM=,fdxvVtwfsEadmBGNgfmlU0neN9E=
2,-10,6ON+j3Z4uEZHjGgMKnNVGDQolRM=,1NgLZllP/Jy97oX7Q7WT9pZCk8Q=
2,-6,6ON+j3Z4uEZHjGgMKnNVGDQolRM=,N3NQ+lw1I8Sm2kfaj58oBrvvpF4=
2,-8,6ON+j3Z4uEZHjGgMKnNVGDQolRM=,QIFPhFJoeprOqPaTBsnmzfQ8ohw=
2,-5,6ON+j3Z4uEZHjGgMKnNVGDQolRM=,H4RItpcw/1fXBVyNCRVKtLr7WJs=
2,-7,6ON+j3Z4uEZHjGgMKnNVGDQolRM=,sIHkqOR8GBJFWDis0U9jIIq6ulM=
2,-4,6ON+j3Z4uEZHjGgMKnNVGDQolRM=,IaUSBN8nK4HUyBiEfBrqyZb++uY=
2,-1,6ON+j3Z4uEZHjGgMKnNVGDQolRM=,yDV1WzXCFgxc8+m0UiYvxgtyyT0=
2,-2,6ON+j3Z4uEZHjGgMKnNVGDQolRM=,4ePzB1pVP9u9u/yBhfQ0iYyNxBA=
1,-7,6ON+j3Z4uEZHjGgMKnNVGDQolRM=,RzLgTNDFTN+S7yX9i8XYU0UztnM=
1,-10,6ON+j3Z4uEZHjGgMKnNVGDQolRM=,E6drx2FntbLOHQcMu5UTgCR7N1c=
1,-9,6ON+j3Z4uEZHjGgMKnNVGDQolRM=,bKtTeY7yqh/h6niGB+ayA8OKjgI=
1,-5,6ON+j3Z4uEZHjGgMKnNVGDQolRM=,CLba+FI51AZayIHZcgQoqN/i3as=
2,-3,6ON+j3Z4uEZHjGgMKnNVGDQolRM=,3obf77jY49qKPMyPGtEeDHeJwGU=
1,-8,6ON+j3Z4uEZHjGgMKnNVGDQolRM=,lfpZcT/9zb4Zuan8qMOD7TZSCk0=
1,-6,6ON+j3Z4uEZHjGgMKnNVGDQolRM=,JnCHRTMooKec88Hnh8g4c0o0DIU=
1,-4,6ON+j3Z4uEZHjGgMKnNVGDQolRM=,torw+nFuAk9/94UYw5ewHJm8sLY=
0,-9,6ON+j3Z4uEZHjGgMKnNVGDQolRM=,bKtTeY7yqh/h6niGB+ayA8OKjgI=
0,-8,6ON+j3Z4uEZHjGgMKnNVGDQolRM=,IHn6c2hlyg/rXGXPzIj21V+cKnA=
0,-10,6ON+j3Z4uEZHjGgMKnNVGDQolRM=,bKtTeY7yqh/h6niGB+ayA8OKjgI=
1,-1,6ON+j3Z4uEZHjGgMKnNVGDQolRM=,oqjU+B8aMWeur8THHrFZeYi0P+0=
1,-3,6ON+j3Z4uEZHjGgMKnNVGDQolRM=,07DNXUDApjYlgPLiERAKgC+3Loo=
1,-2,6ON+j3Z4uEZHjGgMKnNVGDQolRM=,xEXI9Fdk4KrL7A+wAjv7QeXLwq8=
0,-7,6ON+j3Z4uEZHjGgMKnNVGDQolRM=,FzYzYmvCQA0RbdI0MBoqvy2toog=
0,-6,6ON+j3Z4uEZHjGgMKnNVGDQolRM=,6lFWouQ4aqpRVlizXGmhT+b05zE=
0,-5,6ON+j3Z4uEZHjGgMKnNVGDQolRM=,6lFWouQ4aqpRVlizXGmhT+b05zE=
0,-2,6ON+j3Z4uEZHjGgMKnNVGDQolRM=,+QQHxp+YunVnKvnipzu/krTKUN0=
0,-3,6ON+j3Z4uEZHjGgMKnNVGDQolRM=,lfpZcT/9zb4Zuan8qMOD7TZSCk0=
0,-1,6ON+j3Z4uEZHjGgMKnNVGDQolRM=,raDA8fR6e4YoPDC8uayCQ+niyMs=
0,-4,6ON+j3Z4uEZHjGgMKnNVGDQolRM=,HsgpTtPjDQEwnFl4B+68OfzJG+Q=
